sched,send,ttft,e2e,tpot,ptok,ctok,exp,n
0.0,0.024334577996341977,0.20296824400429614,0.20341987899882952,0.00045163499453337863,128,1,prefill,1
2.0,2.0027069989955635,0.16102530599891907,0.16137990500283195,0.000354599003912881,512,1,prefill,1
4.0,4.001893082997412,0.24887400399893522,0.2492148500023177,0.00034084600338246673,1024,1,prefill,1
6.0,6.0017987370010815,0.5974968800001079,0.5978748779962189,0.00037799799611093476,2048,1,prefill,1
8.0,8.001756639998348,1.1107838669995544,1.1112381529965205,0.000454285996966064,4096,1,prefill,1
0.0,0.004743899000459351,0.11162722400331404,18.54037712999707,0.07226960747448531,256,256,1x256/256,1
0.0,0.005534421004995238,0.13019845399685437,18.96847042599984,0.07387557636079602,256,256,16x256/256,16
0.0,0.006673547999525908,0.5084339540044311,19.038278066000203,0.07266605534115989,256,256,16x256/256,16
0.0,0.005825464999361429,0.5093558020016644,19.039273383001273,0.07266634345490043,256,256,16x256/256,16
0.0,0.006101570004830137,0.5091451739936019,19.03912815199874,0.07266659991374563,256,256,16x256/256,16
0.0,0.00723578900215216,0.5080736759991851,19.039804916996218,0.07267345584704718,256,256,16x256/256,16
0.0,0.00695175400323933,0.5084340429966687,19.040263497001433,0.07267384099609711,256,256,16x256/256,16
0.0,0.006387314002495259,0.5091037480015075,19.040980297002534,0.07267402568235697,256,256,16x256/256,16
0.0,0.005117518005135935,0.510476960997039,19.042785835998075,0.07267572107843544,256,256,16x256/256,16
0.0,0.009218145001796074,1.0038459049974335,19.104006704998028,0.07098102274510038,256,256,16x256/256,16
0.0,0.008939539999119006,1.004203659002087,19.105694616999244,0.07098623905096925,256,256,16x256/256,16
0.0,0.007529212998633739,1.005689148005331,19.107291871005145,0.07098667734509731,256,256,16x256/256,16
0.0,0.007805897999787703,1.0055538930027978,19.107202924999,0.07098685894900472,256,256,16x256/256,16
0.0,0.008660844003316015,1.0050066949988832,19.10653564999666,0.0709863880588148,256,256,16x256/256,16
0.0,0.008089077004115097,1.0059727959960583,19.10806884899648,0.07098861197255067,256,256,16x256/256,16
0.0,0.00836989199888194,1.0055246960037039,19.1080579460031,0.07099032647058587,256,256,16x256/256,16
0.0,0.009516423000604846,1.0383456089984975,19.177900490001775,0.07113550933726775,256,256,16x256/256,16
0.0,0.016893375999643467,0.16370271000050707,26.1188315180043,0.10178481885491683,256,256,64x256/256,64
0.0,0.006186311999044847,0.7033676680002827,26.315519835006853,0.10043981241963361,256,256,64x256/256,64
0.0,0.005099485002574511,0.7042253699983121,26.3228630290032,0.1004652457215878,256,256,64x256/256,64
0.0,0.0046872330058249645,0.7047967139951652,26.32330124699365,0.10046472365881759,256,256,64x256/256,64
0.0,0.005567619999055751,0.704378918002476,26.323084553005174,0.10046551229412823,256,256,64x256/256,64
0.0,0.005864623002707958,0.7037536170028034,26.322809664998204,0.10046688646272706,256,256,64x256/256,64
0.0,0.006603847003134433,0.7031049270008225,26.322089460001735,0.10046660601176828,256,256,64x256/256,64
0.0,0.007257491000927985,0.7025797340029385,26.321453513999586,0.10046617168626136,256,256,64x256/256,64
0.0,0.00697113000205718,1.1656590530037647,26.406774599003256,0.09898476684705683,256,256,64x256/256,64
0.0,0.009294162002333906,1.1591834869977902,26.407647009000357,0.09901358243922576,256,256,64x256/256,64
0.0,0.00822590500320075,1.1603120799991302,26.408737715995812,0.09901343386665365,256,256,64x256/256,64
0.0,0.008949044000473805,1.1638602480015834,26.40805569299846,0.09899684488234069,256,256,64x256/256,64
0.0,0.008580268004152458,1.164526193999336,26.408441355000832,0.09899574572941763,256,256,64x256/256,64
0.0,0.007946779005578719,1.1653630619985051,26.409092010995664,0.09899501548626337,256,256,64x256/256,64
0.0,0.010028835000412073,1.158224903003429,26.40804371500417,0.09901889730196368,256,256,64x256/256,64
0.0,0.0076377680015866645,1.1605468690031557,26.410457126999972,0.09901925591371301,256,256,64x256/256,64
0.0,0.010404635002487339,1.6404463349972502,26.49298099299631,0.09746092022744729,256,256,64x256/256,64
0.0,0.009742367001308594,1.6411708829982672,26.493668303002778,0.09746077419609613,256,256,64x256/256,64
0.0,0.01070286600588588,1.6404428479945636,26.492728683995665,0.09745994445490629,256,256,64x256/256,64
0.0,0.012316070002270862,1.638887405002606,26.49115647099825,0.09745987869017898,256,256,64x256/256,64
0.0,0.011666841004625894,1.6397231179944356,26.49397008500091,0.09746763516473127,256,256,64x256/256,64
0.0,0.0130669130012393,1.6383966430003056,26.49259647600411,0.09746745032550512,256,256,64x256/256,64
0.0,0.010990602000674699,1.6407003440035623,26.494693576001737,0.09746664012548303,256,256,64x256/256,64
0.0,0.011954811001487542,1.6399583460006397,26.493748697997944,0.09746584451763649,256,256,64x256/256,64
0.0,0.01758751000306802,2.1774517349986127,26.568302421001135,0.09565039484706872,256,256,64x256/256,64
0.0,0.01658970300195506,2.178732651002065,26.574104229999648,0.09566812383920621,256,256,64x256/256,64
0.0,0.017180974005896132,2.1782308729962097,26.573564465994423,0.09566797487450279,256,256,64x256/256,64
0.0,0.019834808001178317,2.1759045860017068,26.570934584000497,0.0956667843058776,256,256,64x256/256,64
0.0,0.01849056000355631,2.1775244820018997,26.572317434998695,0.09566585471763449,256,256,64x256/256,64
0.0,0.013448562000121456,2.1826731379987905,26.577400950001902,0.0956655992627573,256,256,64x256/256,64
0.0,0.011282961000688374,2.185293984002783,26.579609300999437,0.09566398163528099,256,256,64x256/256,64
0.0,0.019172622000041883,2.177513672002533,26.571764674001315,0.09566372941960306,256,256,64x256/256,64
0.0,0.01786628700210713,2.5438921239983756,26.658576524001546,0.094567389803934,256,256,64x256/256,64
0.0,0.02106976800132543,2.540775551002298,26.655403470002057,0.09456716830980297,256,256,64x256/256,64
0.0,0.019531525002093986,2.5433981609967304,26.65802887800237,0.09456717928237506,256,256,64x256/256,64
0.0,0.02047499400214292,2.542568133001623,26.65711157699843,0.0945668370352816,256,256,64x256/256,64
0.0,0.020763532003911678,2.5423926419971394,26.65685822699743,0.09456653170588349,256,256,64x256/256,64
0.0,0.02011867699911818,2.543150351004442,26.657521232002182,0.09456616031763819,256,256,64x256/256,64
0.0,0.01269998200586997,2.5506857099971967,26.664956457992957,0.09456576763919906,256,256,64x256/256,64
0.0,0.01878926499921363,2.5451589970034547,26.658883214004163,0.09456362438039494,256,256,64x256/256,64
0.0,0.022299415999441408,3.0094325150057557,26.72990764000133,0.09302147107841402,256,256,64x256/256,64
0.0,0.02139838199946098,3.0116480290016625,26.731349159003003,0.09301843580392682,256,256,64x256/256,64
0.0,0.023289263001061045,3.0098133819992654,26.72957461400074,0.09301867149804499,256,256,64x256/256,64
0.0,0.022993406004388817,3.0090051329971175,26.729932406000444,0.09302324420785618,256,256,64x256/256,64
0.0,0.021707243999117054,3.0104201390058734,26.731238291002228,0.09302281628233865,256,256,64x256/256,64
0.0,0.01814524600195,3.0140986379992682,26.73481818199798,0.09302242958430867,256,256,64x256/256,64
0.0,0.02270100800524233,3.011421261995565,26.730991688993527,0.09301792324312926,256,256,64x256/256,64
0.0,0.02200334000372095,3.0122289749997435,26.731849992000207,0.09301812163529594,256,256,64x256/256,64
0.0,0.024909495004976634,3.5077413879989763,26.8007738899978,0.0913452254980346,256,256,64x256/256,64
0.0,0.02367449099983787,3.5090325950004626,26.802172608004184,0.09134564710981852,256,256,64x256/256,64
0.0,0.025236048000806477,3.5065312680017087,26.80081630100176,0.09135013738431393,256,256,64x256/256,64
0.0,0.025623753004765604,3.508183686994016,26.802191164999385,0.0913490489333544,256,256,64x256/256,64
0.0,0.026573517003271263,3.5063026700008777,26.801414091998595,0.09135337812548125,256,256,64x256/256,64
0.0,0.024343652999959886,3.5097724459992605,26.80381918200146,0.09134920288628315,256,256,64x256/256,64
0.0,0.02594823700201232,3.5064691529987613,26.802399082997,0.0913565879607774,256,256,64x256/256,64
0.0,0.024016175004362594,3.510431880997203,26.80453571799444,0.09134942681175387,256,256,64x256/256,64
0.0,0.02690137600438902,3.9920066369959386,26.867394752996915,0.08970740437647443,256,256,64x256/256,64
0.0,0.026252921001287177,3.993119814003876,26.86825482400309,0.08970641180391847,256,256,64x256/256,64
0.0,0.027829848004330415,3.9916111619968433,26.866883582995797,0.08970695067058414,256,256,64x256/256,64
0.0,0.027517552000063006,3.9919895280036144,26.86740501500026,0.08970751171371233,256,256,64x256/256,64
0.0,0.027202533005038276,3.993796791997738,26.867935573995055,0.08970250502744045,256,256,64x256/256,64
0.0,0.028444989999115933,3.991663557004358,26.86692363000475,0.08970690224706035,256,256,64x256/256,64
0.0,0.02813297000102466,3.99457908700424,26.867463581002085,0.08969758625097193,256,256,64x256/256,64
0.0,0.02893251500063343,4.0583407300000545,26.934886470000492,0.0897119440784331,256,256,64x256/256,64
0.0,0.004663580002670642,0.6697707709972747,9.973728024000593,0.07325950592915999,2048,128,1x2048/128,1
0.0,0.006480788993940223,0.24248241299937945,12.983123013000295,0.10032000472441666,1024,128,16x1024/128,16
0.0,0.006177962997753639,0.7878536349962815,13.060528089998115,0.0966352319291483,1024,128,16x1024/128,16
0.0,0.004494469998462591,1.1921711719987798,13.14106973199523,0.09408581543304292,1024,128,16x1024/128,16
0.0,0.004909063995000906,1.1916888030027621,13.14082786400104,0.09408770914171873,1024,128,16x1024/128,16
0.0,0.005216855999606196,1.6267207290002261,13.214637897995999,0.09124344227555727,1024,128,16x1024/128,16
0.0,0.0055165739977383055,1.62648244099546,13.215032344000065,0.09124842443310713,1024,128,16x1024/128,16
0.0,0.006781635995139368,2.090617157999077,13.288106482999865,0.08816920728347077,1024,128,16x1024/128,16
0.0,0.00587799699860625,2.0915822710012435,13.289201218998642,0.0881702279369874,1024,128,16x1024/128,16
0.0,0.00708217200008221,2.5874587910002447,13.359705833994667,0.0848208428582238,1024,128,16x1024/128,16
0.0,0.007677374997001607,2.5871541669985163,13.35927886999707,0.08481987955116971,1024,128,16x1024/128,16
0.0,0.008039522996114101,3.140813447003893,13.42913060799765,0.08101037134640753,1024,128,16x1024/128,16
0.0,0.007376992994977627,3.1415401120029856,13.430229479003174,0.08101330210236368,1024,128,16x1024/128,16
0.0,0.008341402994119562,3.546850363003614,13.500105548999272,0.07837208807870596,1024,128,16x1024/128,16
0.0,0.009298536999267526,3.546027817996219,13.499349581994466,0.07837261231494683,1024,128,16x1024/128,16
0.0,0.008995594995212741,3.745334607003315,13.570978039999318,0.07736727112595278,1024,128,16x1024/128,16
0.0,0.008645563997561112,3.7452136439969763,13.57155387000239,0.07737275768508199,1024,128,16x1024/128,16
0.0,0.004589382006088272,1.0978419429957285,28.078046234993963,0.21244255348030106,2048,128,32x2048/128,32
0.0,0.005067685000540223,1.5477718800029834,28.132757209001284,0.2093305931417189,2048,128,32x2048/128,32
0.0,0.005794665004941635,2.0446120829947176,28.27836744999513,0.20656500288976704,2048,128,32x2048/128,32
0.0,0.005407333002949599,2.5573932339975727,28.355544013997132,0.20313504551180755,2048,128,32x2048/128,32
0.0,0.006470252999861259,3.069938364002155,28.482359897003334,0.20009780734646598,2048,128,32x2048/128,32
0.0,0.006139460005215369,3.440924628994253,28.571937480999622,0.1978819909606722,2048,128,32x2048/128,32
0.0,0.007550999005616177,3.992106617995887,28.776482194996788,0.1951525635984323,2048,128,32x2048/128,32
0.0,0.00687995499902172,4.502738552000665,28.785961611007224,0.19120648077957922,2048,128,32x2048/128,32
0.0,0.0072109050015569665,4.886924374004593,28.89613580200239,0.18904890888187242,2048,128,32x2048/128,32
0.0,0.008310702003655024,5.423808476996783,28.99182985399966,0.1855749714724636,2048,128,32x2048/128,32
0.0,0.009062816003279295,5.8546932989993365,29.09969889000058,0.18303154008662398,2048,128,32x2048/128,32
0.0,0.007962498006236274,6.359193767995748,29.192975386999024,0.1797935560551439,2048,128,32x2048/128,32
0.0,0.009404223004821688,6.837441110998043,29.301936436000688,0.17688578996065074,2048,128,32x2048/128,32
0.0,0.008644496003398672,7.382913421999547,29.38973091400112,0.17328202749607538,2048,128,32x2048/128,32
0.0,0.010156196003663354,7.828982630002429,29.581818063001265,0.17128216876377036,2048,128,32x2048/128,32
0.0,0.00981800400040811,8.410348018005607,29.582291011000052,0.16670821254326335,2048,128,32x2048/128,32
0.0,0.011262573003477883,8.846159825996438,29.79113925799902,0.16492109788978412,2048,128,32x2048/128,32
0.0,0.010507210005016532,9.349192245994345,29.792043736997584,0.16096733457482865,2048,128,32x2048/128,32
0.0,0.011602162005146965,9.869697695998184,29.918300660996465,0.1578630154724274,2048,128,32x2048/128,32
0.0,0.012525496000307612,10.439325108003686,29.917879074004304,0.1533744406771702,2048,128,32x2048/128,32
0.0,0.013096873000904452,10.932051923002291,30.000191457002074,0.15014283097637623,2048,128,32x2048/128,32
0.0,0.013973225002700929,11.477988352999091,30.200217065001198,0.14741912371655203,2048,128,32x2048/128,32
0.0,0.014955573999031913,12.032896787000936,30.199474507004197,0.1430439190551438,2048,128,32x2048/128,32
0.0,0.012107656999432947,12.692900239002483,30.241352134005865,0.13817678657482976,2048,128,32x2048/128,32
0.0,0.010915685001236852,13.206494158999703,30.340504594001686,0.1349134679921416,2048,128,32x2048/128,32
0.0,0.013473634004185442,13.764967636998335,30.392805755000154,0.13092785919686473,2048,128,32x2048/128,32
0.0,0.014445505999901798,14.385884526003792,30.466631431001588,0.12662005437006138,2048,128,32x2048/128,32
0.0,0.015894393000053242,14.980526892002672,30.539198086000397,0.12250922199998208,2048,128,32x2048/128,32
0.0,0.015358583004854154,15.65627579500142,30.612958605997846,0.11776915599209785,2048,128,32x2048/128,32
0.0,0.016978166000626516,16.277996556003927,30.68110071200499,0.11341026894489026,2048,128,32x2048/128,32
0.0,0.017340222002530936,16.882486012997106,30.74865447600314,0.1091824288425672,2048,128,32x2048/128,32
0.0,0.016381282002839725,17.071566580001672,30.822463924996555,0.1082747822440542,2048,128,32x2048/128,32
0.0,0.007435937994159758,0.3857454060052987,19.295281487000466,0.16443074853039275,620,116,64x620/116,64
0.0,0.009052790999703575,0.3842729569951189,19.298615900996083,0.16447254733913882,620,116,64x620/116,64
0.0,0.005932783999014646,0.799750956997741,19.396549756995228,0.16171129391302164,620,116,64x620/116,64
0.0,0.004962897997756954,0.8008227190002799,19.397560707002413,0.161710765113062,620,116,64x620/116,64
0.0,0.0054960179986665025,0.8003981829970144,19.399175275000744,0.16172849645220633,620,116,64x620/116,64
0.0,0.006722718993842136,1.2550601770053618,19.50244901300175,0.1586729463999686,620,116,64x620/116,64
0.0,0.006348208997223992,1.2555620400016778,19.50284863900015,0.1586720573825954,620,116,64x620/116,64
0.0,0.007051341999613214,1.2546643419991597,19.502165480000258,0.15867392293913998,620,116,64x620/116,64
0.0,0.007741708999674302,1.720905923997634,19.604192037993926,0.1555068357738808,620,116,64x620/116,64
0.0,0.008376046993362252,1.7199326650006697,19.60358688400447,0.15551003668698957,620,116,64x620/116,64
0.0,0.008691297996847425,1.71953423100058,19.60359756500111,0.15551359420870026,620,116,64x620/116,64
0.0,0.010395767996669747,2.1641632480022963,19.692086955001287,0.15241672788694774,620,116,64x620/116,64
0.0,0.010047515999758616,2.164080575996195,19.6924583910004,0.15242067665221049,620,116,64x620/116,64
0.0,0.009470820994465612,2.1643572750035673,19.693322571001772,0.1524257851825931,620,116,64x620/116,64
0.0,0.008035336999455467,2.1664051009938703,19.694779746998393,0.1524206490956915,620,116,64x620/116,64
0.0,0.011584163999941666,2.6106526129951817,19.78255686499324,0.14932090653911353,620,116,64x620/116,64
0.0,0.010682517997338437,2.612833065002633,19.78817147800146,0.14935076880868545,620,116,64x620/116,64
0.0,0.009760818000358995,2.6131619899970246,19.78911579699343,0.1493561200608383,620,116,64x620/116,64
0.0,0.011869799993291963,3.090566546001355,19.8816728180027,0.14600961975653343,620,116,64x620/116,64
0.0,0.011253607997787185,3.091242868002155,19.882313381996937,0.14600930881734595,620,116,64x620/116,64
0.0,0.010968908994982485,3.0920903320002253,19.88278076700226,0.14600600378262638,620,116,64x620/116,64
0.0,0.01699597399419872,3.6574631830008,19.967310953004926,0.14182476321742718,620,116,64x620/116,64
0.0,0.012506448998465203,3.662533403999987,19.97208676199807,0.14182220311302682,620,116,64x620/116,64
0.0,0.013097636998281814,3.6619993259955663,19.971517605998088,0.14182189808697845,620,116,64x620/116,64
0.0,0.012805097998352721,4.0346313350019045,20.063999942998635,0.13938581398258026,620,116,64x620/116,64
0.0,0.013736689994402695,4.033883205003804,20.06309238600079,0.13938442766084336,620,116,64x620/116,64
0.0,0.015760735994263086,4.0320336900040274,20.06108882600529,0.1393830881391414,620,116,64x620/116,64
0.0,0.012155801996414084,4.035979924003186,20.064712487997895,0.13938028316517137,620,116,64x620/116,64
0.0,0.016399639993323945,4.545046498002193,20.145422346002306,0.13565544215652273,620,116,64x620/116,64
0.0,0.016687260998878628,4.544987451998168,20.146339959996112,0.13566393485215603,620,116,64x620/116,64
0.0,0.01344474599318346,4.548985077002726,20.149745652001002,0.13565878760868066,620,116,64x620/116,64
0.0,0.015455563996511046,5.090865158002998,20.233930914997472,0.13167883266951716,620,116,64x620/116,64
0.0,0.016055975000199396,5.0921749849949265,20.233353894000174,0.1316624252956978,620,116,64x620/116,64
0.0,0.01402768399566412,5.093198834001669,20.23540165599843,0.13167132888692837,620,116,64x620/116,64
0.0,0.01792405199375935,5.493848763006099,20.327494158002082,0.12898822082605202,620,116,64x620/116,64
0.0,0.017336445998807903,5.494373754998378,20.328105048996804,0.12898896777389934,620,116,64x620/116,64
0.0,0.01762853800028097,5.495374907994119,20.32783194699732,0.12897788729568002,620,116,64x620/116,64
0.0,0.019523284994647838,6.012465173000237,20.40091302500514,0.12511693784352088,620,116,64x620/116,64
0.0,0.018875464993470814,6.013352300004044,20.404067600000417,0.12513665478257716,620,116,64x620/116,64
0.0,0.020796495999093167,6.01252065099834,20.402825871999084,0.12513308887826735,620,116,64x620/116,64
0.0,0.018214593997981865,6.013955240996438,20.405478421002044,0.1251436798261357,620,116,64x620/116,64
0.0,0.02205539799615508,6.520873314002529,20.481598409998696,0.12139760953040146,620,116,64x620/116,64
0.0,0.021625893998134416,6.5221092339997995,20.482052234001458,0.1213908086956666,620,116,64x620/116,64
0.0,0.022486502995889168,6.521675773001334,20.482587254002283,0.12139923026957347,620,116,64x620/116,64
0.0,0.02011021799989976,6.980633090999618,20.56564602299477,0.11813054723474045,620,116,64x620/116,64
0.0,0.02322490599908633,6.978571679996094,20.563411304996407,0.11812904021739402,620,116,64x620/116,64
0.0,0.020498586993198842,6.981518410000717,20.56627113700233,0.11812828458262273,620,116,64x620/116,64
0.0,0.019169555998814758,7.550224688995513,20.646860069995455,0.11388378592173863,620,116,64x620/116,64
0.0,0.022821599995950237,7.546841470997606,20.64335437900445,0.11388272093918994,620,116,64x620/116,64
0.0,0.01858107499720063,7.55005265300133,20.648194175002573,0.1138968828000108,620,116,64x620/116,64
0.0,0.019818226995994337,8.056292654000572,20.7191574699973,0.11011186796518893,620,116,64x620/116,64
0.0,0.02433464099885896,8.052222564001568,20.715017555994564,0.11011126079993909,620,116,64x620/116,64
0.0,0.02364331399439834,8.053078727003594,20.71591498300404,0.11011161961739518,620,116,64x620/116,64
0.0,0.021127802996488754,8.055814332001319,20.718675866999547,0.1101118394347672,620,116,64x620/116,64
0.0,0.023962420993484557,8.46799029000249,20.784654161005164,0.10710142496524065,620,116,64x620/116,64
0.0,0.025128932000370696,8.467853103997186,20.784810195997125,0.10710397471304295,620,116,64x620/116,64
0.0,0.02470240399998147,8.467372004997742,20.785454654993373,0.10711376217387505,620,116,64x620/116,64
0.0,0.02584301999741001,8.975024213999859,20.852687772996433,0.1032840309477963,620,116,64x620/116,64
0.0,0.02651084399985848,8.974411308998242,20.85224608599674,0.10328551979998693,620,116,64x620/116,64
0.0,0.02554008899460314,8.976218695002899,20.85387082100351,0.1032839315304401,620,116,64x620/116,64
0.0,0.027115359000163153,9.523441823999747,20.920359241994447,0.09910362972169305,620,116,64x620/116,64
0.0,0.026813737000338733,9.524028815998463,20.920894268994743,0.09910317785214157,620,116,64x620/116,64
0.0,0.026144172996282578,9.522606521000853,20.922074217000045,0.09912580605216689,620,116,64x620/116,64
0.0,0.02746479699999327,9.692005489996518,20.991071263997583,0.09825274586087883,620,116,64x620/116,64
0.0,0.006665513996267691,0.8693894390016794,50.442925362003734,0.39034280254332326,2048,128,64x2048/128,64
0.0,0.006080589999328367,1.799128259997815,50.75239885699557,0.3854588235984075,2048,128,64x2048/128,64
0.0,0.0071794100003899075,2.2685900689975824,50.94986230599898,0.38331710422835746,2048,128,64x2048/128,64
0.0,0.007538177997048479,2.745646219998889,51.03429421000328,0.380225574724444,2048,128,64x2048/128,64
0.0,0.007924774996354245,3.2340204430001904,51.19925351100392,0.37767900053546244,2048,128,64x2048/128,64
0.0,0.008571717000450008,3.7367849399961415,51.35176743699412,0.37492112202360617,2048,128,64x2048/128,64
0.0,0.008250259998021647,4.249631111997587,51.5648695839991,0.3725609328504056,2048,128,64x2048/128,64
0.0,0.010085704998346046,4.760561303999566,51.6518312670014,0.3692225981338727,2048,128,64x2048/128,64
0.0,0.00929295599780744,5.133143885999743,51.87400818899914,0.36803830159842044,2048,128,64x2048/128,64
0.0,0.00961860700044781,5.616618495994771,51.94845625099697,0.3648176201181275,2048,128,64x2048/128,64
0.0,0.010434384996187873,6.105543755998951,52.18088723099936,0.3627979801181135,2048,128,64x2048/128,64
0.0,0.00896563599962974,6.605110578995664,52.23318293099874,0.3592761602519927,2048,128,64x2048/128,64
0.0,0.010760144999949262,7.092125556999235,52.377138065996405,0.356574901645647,2048,128,64x2048/128,64
0.0,0.01116950700088637,7.573371870996198,52.515268555995135,0.35387320224408614,2048,128,64x2048/128,64
0.0,0.011886980995768681,8.074858611005766,52.685765301001084,0.35126698181098676,2048,128,64x2048/128,64
0.0,0.011494180995214265,8.570511602003535,52.793126752003445,0.3482095681102355,2048,128,64x2048/128,64
0.0,0.01221369099948788,9.079099329996097,52.99437165800191,0.34578954588980954,2048,128,64x2048/128,64
0.0,0.012541427997348364,9.594847970998671,53.06466415300383,0.342282017181143,2048,128,64x2048/128,64
0.0,0.012959829000465106,10.16258044300048,53.300539639996714,0.33966897005508845,2048,128,64x2048/128,64
0.0,0.015907344000879675,10.69472941699496,53.325584452999465,0.3356760239055473,2048,128,64x2048/128,64
0.0,0.01439350500004366,11.187327626998012,53.494328968001355,0.33312599481104993,2048,128,64x2048/128,64
0.0,0.01549161299772095,11.819532399997115,53.589597692996904,0.3288981519133842,2048,128,64x2048/128,64
0.0,0.016262628996628337,12.291742154004169,53.81320884500019,0.3269406826062679,2048,128,64x2048/128,64
0.0,0.013302186998771504,12.9520585739956,53.84592706600233,0.32199896450399,2048,128,64x2048/128,64
0.0,0.017489724996266887,13.459117152000545,53.96821512200404,0.3189692753543582,2048,128,64x2048/128,64
0.0,0.018002018994593527,14.01990119900438,54.11242513300385,0.31568916483464154,2048,128,64x2048/128,64
0.0,0.015146200996241532,14.599554265005281,54.2195012029988,0.3119680861259332,2048,128,64x2048/128,64
0.0,0.01887659500062,15.21388024299813,54.33340062399657,0.3080277195354208,2048,128,64x2048/128,64
0.0,0.014738970996404532,15.808987270000216,54.526485784001125,0.3048621930236292,2048,128,64x2048/128,64
0.0,0.013636208001116756,16.54157759899681,54.57586359799461,0.29948256692124253,2048,128,64x2048/128,64
0.0,0.014056151994736865,17.055331629002467,54.69226598100067,0.2963538137952615,2048,128,64x2048/128,64
0.0,0.01713463800115278,17.758901328998036,54.83367248199647,0.2919273319133735,2048,128,64x2048/128,64
0.0,0.02016482500039274,18.35058351799671,54.91938715399738,0.2879433357165407,2048,128,64x2048/128,64
0.0,0.019784816999163013,18.98710525700153,55.03312977300084,0.2838269646929079,2048,128,64x2048/128,64
0.0,0.02139417299622437,19.602312510003685,55.14785075400141,0.2798861279054939,2048,128,64x2048/128,64
0.0,0.02053116099705221,20.318490331002977,55.25264826700004,0.2750721097322603,2048,128,64x2048/128,64
0.0,0.020961572001397144,20.904377273996943,55.36900276099914,0.27137500383466295,2048,128,64x2048/128,64
0.0,0.01935951099585509,21.65055817200482,55.47485229700396,0.26633302460629243,2048,128,64x2048/128,64
0.0,0.02191308899637079,22.266061342998,55.5811520770003,0.26232354908663225,2048,128,64x2048/128,64
0.0,0.022370034996129107,22.89178935700329,55.68468107600347,0.25821174581889905,2048,128,64x2048/128,64
0.0,0.024589984997874126,23.54740091200074,55.78435502600041,0.2538342843622021,2048,128,64x2048/128,64
0.0,0.025849015997664537,24.225203715002863,55.88412651499675,0.24928285669286526,2048,128,64x2048/128,64
0.0,0.02686786499543814,24.926311679999344,55.99055675200361,0.2446003548976714,2048,128,64x2048/128,64
0.0,0.023315113998251036,25.59531995299767,56.0961510049965,0.24016402403148684,2048,128,64x2048/128,64
0.0,0.022942097995837685,26.3548701969994,56.186422600003425,0.23489411340948052,2048,128,64x2048/128,64
0.0,0.023895036996691488,27.07156595500419,56.290700463003304,0.23007192525983555,2048,128,64x2048/128,64
0.0,0.025184316000377294,27.68930718000047,56.378459011000814,0.22589883331496335,2048,128,64x2048/128,64
0.0,0.027579725996474735,28.40101512500405,56.47028759100067,0.22101789343304423,2048,128,64x2048/128,64
0.0,0.02639101800014032,29.115309578999586,56.561539874994196,0.2161120495747607,2048,128,64x2048/128,64
0.0,0.027222632998018526,29.808904719000566,56.647151311000925,0.21132477631496346,2048,128,64x2048/128,64
0.0,0.028341535995423328,30.54714975100069,56.728679015002854,0.2061537737323005,2048,128,64x2048/128,64
0.0,0.027984821994323283,31.26941312800045,56.814395852001326,0.2011415962519754,2048,128,64x2048/128,64
0.0,0.029107498994562775,31.98360928200418,56.894937744000345,0.19615219261414302,2048,128,64x2048/128,64
0.0,0.028694143999018706,32.701154044996656,56.97695785600081,0.1911480615039697,2048,128,64x2048/128,64
0.0,0.029900513000029605,33.43654417099606,57.05625585799862,0.18598198178742176,2048,128,64x2048/128,64
0.0,0.02947755499917548,34.23694860399701,57.13597997400211,0.18030733362208745,2048,128,64x2048/128,64
0.0,0.030663860001368448,34.918009850996896,57.20996958199976,0.1755272419764005,2048,128,64x2048/128,64
0.0,0.03177959800086683,35.77387091899436,57.28635445200052,0.16938963411815874,2048,128,64x2048/128,64
0.0,0.031060584995429963,36.492585519001295,57.36013969200576,0.16431145018113752,2048,128,64x2048/128,64
0.0,0.031420112994965166,37.306603450000694,57.43356606000452,0.15848002055121124,2048,128,64x2048/128,64
0.0,0.032147581994649954,37.944997134000005,57.50592190300085,0.15402302967717205,2048,128,64x2048/128,64
0.0,0.030251339994720183,38.740029392,57.578351678006584,0.14833324634650855,2048,128,64x2048/128,64
0.0,0.01664633399923332,39.52961802700156,57.66097320099652,0.14276657617318866,2048,128,64x2048/128,64
0.0,0.03249972499907017,40.68123822000052,57.78996117699717,0.13471435399209955,2048,128,64x2048/128,64
0.0,0.008559228001104202,0.24827493599877926,30.444875724002486,0.11841804230589689,1024,256,32x1024/256,32
0.0,0.004596282000420615,0.8053426230035257,30.643018271002802,0.11701049273725206,1024,256,32x1024/256,32
0.0,0.004941519997373689,1.250934503004828,30.738683508003305,0.11563823139215089,1024,256,32x1024/256,32
0.0,0.005312542998581193,1.2506302410038188,30.73857583800418,0.1156390023411779,1024,256,32x1024/256,32
0.0,0.0056460949999745935,1.7148416179989,30.830495836999035,0.1141790361529417,1024,256,32x1024/256,32
0.0,0.006324893001874443,1.713946940995811,30.82997568599967,0.11418050488236807,1024,256,32x1024/256,32
0.0,0.005943046999163926,2.181253793001815,30.922041978999914,0.11270897327842391,1024,256,32x1024/256,32
0.0,0.006715039002301637,2.180701860001136,30.921299560999614,0.1127082262784254,1024,256,32x1024/256,32
0.0,0.00741439300327329,2.6528570339942235,31.011890659996425,0.11121189657255766,1024,256,32x1024/256,32
0.0,0.00704110100195976,2.653026467996824,31.01229115699971,0.11121280270197209,1024,256,32x1024/256,32
0.0,0.008226660000218544,3.1559966999993776,31.100206914998125,0.1095851380980343,1024,256,32x1024/256,32
0.0,0.008883107002475299,3.155539768995368,31.09958247999748,0.10958448121961613,1024,256,32x1024/256,32
0.0,0.009350920998258516,3.676672822999535,31.185515548000694,0.10787781460784768,1024,256,32x1024/256,32
0.0,0.0077440059976652265,3.6780416010005865,31.18872881700372,0.10788504790589465,1024,256,32x1024/256,32
0.0,0.010247104000882246,4.081740822002757,31.27046585000062,0.1066224510901877,1024,256,32x1024/256,32
0.0,0.009783679997781292,4.082800736003264,31.27106919500511,0.10662066062353666,1024,256,32x1024/256,32
0.0,0.010682129999622703,4.590626958000939,31.349953914999787,0.10493853708626999,1024,256,32x1024/256,32
0.0,0.011199487998965196,4.590456001002167,31.349710663002043,0.1049382535764701,1024,256,32x1024/256,32
0.0,0.01185200300096767,5.028404616998159,31.42593494599714,0.10351972678038816,1024,256,32x1024/256,32
0.0,0.011537922000570688,5.029084018002322,31.42641327399906,0.10351893825881074,1024,256,32x1024/256,32
0.0,0.013005205000808928,5.611723715999688,31.499471668998012,0.10152058020783657,1024,256,32x1024/256,32
0.0,0.012255667999852449,5.612539424000715,31.501479275000747,0.10152525431764718,1024,256,32x1024/256,32
0.0,0.01260030000412371,6.00946996499988,31.575373124993348,0.10025844376468027,1024,256,32x1024/256,32
0.0,0.01483401500445325,6.007629806998011,31.573336463996384,0.1002576731646995,1024,256,32x1024/256,32
0.0,0.013418859998637345,6.53061465400242,31.648388436005916,0.09850107365491567,1024,256,32x1024/256,32
0.0,0.014531681998050772,6.528668123006355,31.647482581000077,0.09850515473723027,1024,256,32x1024/256,32
0.0,0.013776583000435494,6.9884362049997435,31.720627148999483,0.09698898409411663,1024,256,32x1024/256,32
0.0,0.01517874999990454,6.985732738998195,31.71944023600372,0.09699493136080599,1024,256,32x1024/256,32
0.0,0.014227264997316524,7.469512429001043,31.790543685005105,0.09537659316080024,1024,256,32x1024/256,32
0.0,0.015804667003976647,7.46661598799983,31.789191891999508,0.0953826506039203,1024,256,32x1024/256,32
0.0,0.015498403998208232,7.799039379999158,31.858888733004278,0.09435235040394165,1024,256,32x1024/256,32
0.0,0.01652361699962057,7.798760998004582,31.85812021700258,0.09435042830979606,1024,256,32x1024/256,32
