suite,seed,rho,rate_per_s,n_arrivals,api_limit_scale,tier,hardware,arrivals,load_basis,budget_frac,budget_per_hour,lambda,router,acc_slo,sim_s,acc_slo_dataset_avg,worst_group_acc,slo_attainment,api_spend,api_spend_per_hour,self_hosted_cost,ttft_p50,ttft_p95,ttft_p99,e2e_p50,frac_ok,frac_late,frac_abandoned,frac_failed,refusals_429,refusals_queue_full,refusals_budget,share_Llama-3.1-8B-Instruct,share_Qwen3-8B,share_NVIDIA-Nemotron-Nano-9B-v2,share_deepseek-v3-0324,share_qwen3-235b-a22b-2507,share_gpt-5-chat,share_gpt-5,share_gemini-2.5-pro
v2,0,0.3,4.4479734888174205,8006,1.0,t1,spark_v2,burstgpt,total,0.1,53.88652625030725,5.820419271287392,oracle_unconstrained,0.9323632275793156,,,,,,,,,,,,,,,,,,,,,,,,,,
v2,0,0.3,4.4479734888174205,8006,1.0,t1,spark_v2,burstgpt,total,0.1,53.88652625030725,5.820419271287392,predictor_unconstrained,0.8140144891331501,,,,,,,,,,,,,,,,,,,,,,,,,,
v2,0,0.3,4.4479734888174205,8006,1.0,t1,spark_v2,burstgpt,total,0.1,53.88652625030725,5.820419271287392,fluid_ceiling,0.8900862583210013,,,,,,,,,,,,,,,,,,,,,,,,,,
v2,0,0.3,4.4479734888174205,8006,1.0,t1,spark_v2,burstgpt,total,0.1,53.88652625030725,5.820419271287392,random,0.11909817636772421,1.2342851089997566,0.10612217828289199,0.07702349869451697,0.21683737197102174,27.141078080345324,54.28454468317244,33.95403962448566,3.396620733802166,70.03744650966689,133.60276667860578,58.85416264035473,0.21683737197102174,0.03684736447664252,0.5565825630776917,0.18973270047464402,0.0008743442418186361,0.0,0.9778915813140144,0.07694229328003997,0.029477891581314013,0.016112915313514865,0.028103922058456157,0.025605795653260054,0.02448163877092181,0.02785410941793655,0.025106170372220835
v2,0,0.3,4.4479734888174205,8006,1.0,t1,spark_v2,burstgpt,total,0.1,53.88652625030725,5.820419271287392,always_best_api,0.08474893829627779,1.428522147005424,0.07759762902668281,0.03263707571801567,0.0996752435673245,27.04420403559925,54.09078806838026,4.767610444642042,11.959103746428266,92.65271957157466,212.77430055349328,14.653343710841602,0.0996752435673245,0.028478641019235574,0.0,0.8718461154134399,0.13190107419435423,0.0,2.496252810392206,0.0,0.0,0.0,0.0,0.0,0.0,0.12815388458656007,0.0
v2,0,0.3,4.4479734888174205,8006,1.0,t1,spark_v2,burstgpt,total,0.1,53.88652625030725,5.820419271287392,always_best_self,0.014738945790657007,0.9758161009958712,0.016915645274997327,0.0036553524804177544,0.025980514614039472,0.0,0.0,19.659266452589996,0.7514217930203939,30.087914754200234,30.235488850553654,1339.4833892990814,0.025980514614039472,0.004996252810392206,0.7144641518860855,0.2545590806894829,0.0,0.8790906819885086,0.0,0.0,0.030976767424431676,0.0,0.0,0.0,0.0,0.0,0.0
v2,0,0.3,4.4479734888174205,8006,1.0,t1,spark_v2,burstgpt,total,0.1,53.88652625030725,5.820419271287392,threshold,0.03997002248313765,0.8012461529942811,0.03240372542612776,0.010830324909747292,0.06132900324756433,21.919887454248965,43.84170394550331,19.84405570136852,27.997114179766868,65.85318601523555,91.76314043076411,51.73285802030139,0.06132900324756433,0.04471646265301024,0.6837371971021734,0.21021733699725206,0.0,0.6933549837621784,0.057706719960029976,0.0,0.028353734698975768,0.0,0.0,0.0,0.0,0.07769173120159881,0.0
v2,0,0.3,4.4479734888174205,8006,1.0,t1,spark_v2,burstgpt,total,0.1,53.88652625030725,5.820419271287392,static_qc,0.47039720209842617,1.0733408669984783,0.4899607302941222,0.27050413844996235,0.6129153135148638,22.256736357301634,44.515431395647674,39.35973301955494,2.422522819618223,15.592386926601367,71.97343167525352,14.837654861415125,0.6129153135148638,0.014614039470397203,0.16037971521358982,0.21209093180114913,0.013614788908318761,0.0,0.6244066949787659,0.0,0.020484636522608044,0.009617786660004997,0.04708968273794654,0.38758431176617536,0.044341743692230824,0.11841119160629528,0.0
v2,0,0.3,4.4479734888174205,8006,1.0,t1,spark_v2,burstgpt,total,0.1,53.88652625030725,5.820419271287392,static_qc_fallback,0.46739945041219083,0.8882647420032299,0.48888974812801456,0.26674191121143714,0.6097926555083687,22.438224770847228,44.878424194438836,37.525033536133364,2.390995817590408,16.551684746183216,72.54606331463327,14.795075198750737,0.6097926555083687,0.014738945790657007,0.2234574069447914,0.15201099175618285,0.00412190856857357,0.0,0.5503372470647014,0.0,0.02035973020234824,0.0097426929802648,0.04659005745690732,0.38571071696227827,0.04421683737197102,0.11791156632525605,0.0
v2,0,0.3,4.4479734888174205,8006,1.0,t1,spark_v2,burstgpt,total,0.1,53.88652625030725,5.820419271287392,shortest_queue,0.6194104421683737,0.6641057059969171,0.6091424821334409,0.5329457364341085,0.9153135148638522,5.817734433030637,11.635980849757916,22.498479756942576,2.4554933894372795,19.03106770620504,27.870341597120042,18.493798896095996,0.9153135148638522,0.00037471896077941546,0.04346739945041219,0.04084436672495628,0.14664001998501125,0.0,0.0,0.07969023232575569,0.028353734698975768,0.017112165875593305,0.0,0.7905321009243068,0.0,0.0,0.0
v2,0,0.3,4.4479734888174205,8006,1.0,t1,spark_v2,burstgpt,total,0.1,53.88652625030725,5.820419271287392,capacity_greedy,0.6659380464651511,1.1184309180025593,0.6715960080667708,0.5218209179834462,0.908318760929303,19.120324112082017,38.24233088849541,35.378246096377566,2.2253221935645797,10.778364740245259,29.00900031905694,15.003444348261837,0.908318760929303,0.006620034973769673,0.08393704721458906,0.0011241568823382464,0.006370222333250062,0.0,0.0,0.020484636522608044,0.020984261803647264,0.010367224581563828,0.10991756182862852,0.5668248813389958,0.05558331251561329,0.130776917312016,0.0
v2,0,0.3,4.4479734888174205,8006,1.0,t1,spark_v2,burstgpt,total,0.1,53.88652625030725,5.820419271287392,batch_lp@2s,0.6698101423932051,5.350180809997255,0.6741291997646236,0.5184349134687735,0.914064451661254,19.032406150206953,38.06648722761606,37.22207624527787,3.267932644910161,11.923819243802045,26.68161710833187,15.981258218156427,0.914064451661254,0.006120409692730452,0.07869098176367724,0.0011241568823382464,0.005995503372470647,0.0,0.0,0.02060954284286785,0.020859355483387458,0.010866849862603048,0.11029228078940795,0.5711966025480889,0.0557082188358731,0.1306520109917562,0.0
v2,0,0.3,4.4479734888174205,8006,1.0,t1,spark_v2,burstgpt,total,0.1,53.88652625030725,5.820419271287392,A:knn_capacity_greedy,0.5354109417936548,5.306091439000738,0.4976822199353619,0.4263565891472868,0.7645515863102673,23.058109729534408,46.118248664147316,30.685542560791998,1.6991672290151314,28.42772452777067,45.292188840612795,14.643984146188927,0.7645515863102673,0.024606545091181615,0.20784411691231577,0.0029977516862353237,0.012990257307019736,0.0,0.0,0.04833874594054459,0.0218586060454659,0.012990257307019736,0.2305770671996003,0.33862103422433176,0.05558331251561329,0.07869098176367724,0.002498126405196103
v2,0,0.3,4.4479734888174205,8006,1.0,t1,spark_v2,burstgpt,total,0.5,269.43263125153624,3.3891535146758542,oracle_unconstrained,0.9323632275793156,,,,,,,,,,,,,,,,,,,,,,,,,,
v2,0,0.3,4.4479734888174205,8006,1.0,t1,spark_v2,burstgpt,total,0.5,269.43263125153624,3.3891535146758542,predictor_unconstrained,0.8140144891331501,,,,,,,,,,,,,,,,,,,,,,,,,,
v2,0,0.3,4.4479734888174205,8006,1.0,t1,spark_v2,burstgpt,total,0.5,269.43263125153624,3.3891535146758542,fluid_ceiling,0.8900862583210013,,,,,,,,,,,,,,,,,,,,,,,,,,
v2,0,0.3,4.4479734888174205,8006,1.0,t1,spark_v2,burstgpt,total,0.5,269.43263125153624,3.3891535146758542,random,0.33143892080939297,0.8177752859992324,0.3077363728371369,0.26356589147286824,0.5042468148888334,108.86961030559178,217.74880156854383,33.95403962448566,2.8695092094015564,90.80797853431373,155.08729472225193,22.983826197235373,0.5042468148888334,0.0995503372470647,0.3502373220084936,0.04596552585560829,0.04409193105171122,0.0,0.24056957282038471,0.07906570072445666,0.029228078940794405,0.015238571071696228,0.10617037222083438,0.10054958780914314,0.06669997501873595,0.10042468148888334,0.10642018486135399
v2,0,0.3,4.4479734888174205,8006,1.0,t1,spark_v2,burstgpt,total,0.5,269.43263125153624,3.3891535146758542,always_best_api,0.47208343742193354,0.9617575579977711,0.42408539947349616,0.1960835509138381,0.5414688983262553,99.55228029185673,199.11332157909055,4.766935259958896,9.423783775066852,62.64409396689374,195.74565249146212,11.450330327668148,0.5414688983262553,0.09305520859355483,0.0,0.36547589308018985,1.144141893579815,0.0,0.06007994004496627,0.0,0.0,0.0,0.0,0.0,0.0,0.6345241069198101,0.0
v2,0,0.3,4.4479734888174205,8006,1.0,t1,spark_v2,burstgpt,total,0.5,269.43263125153624,3.3891535146758542,always_best_self,0.014738945790657007,0.9586272239976097,0.016915645274997327,0.0036553524804177544,0.025980514614039472,0.0,0.0,19.659266452589996,0.7514217930203939,30.087914754200234,30.235488850553654,1339.4833892990814,0.025980514614039472,0.004996252810392206,0.7144641518860855,0.2545590806894829,0.0,0.8790906819885086,0.0,0.0,0.030976767424431676,0.0,0.0,0.0,0.0,0.0,0.0
v2,0,0.3,4.4479734888174205,8006,1.0,t1,spark_v2,burstgpt,total,0.5,269.43263125153624,3.3891535146758542,threshold,0.23888333749687735,1.4265662940015318,0.15526812117949348,0.010830324909747292,0.3055208593554834,80.09991871507373,160.20688654057977,20.720324342700263,16.283503792599305,72.72402050418975,169.5336058585316,22.842076951077388,0.3055208593554834,0.10304771421433924,0.45303522358231324,0.1383962028478641,0.42555583312515616,0.06907319510367224,0.0,0.0,0.028978266300274794,0.0,0.0,0.0,0.0,0.37959030726954784,0.0
v2,0,0.3,4.4479734888174205,8006,1.0,t1,spark_v2,burstgpt,total,0.5,269.43263125153624,3.3891535146758542,static_qc,0.6620659505370972,1.053614052994817,0.6600285140706265,0.4844961240310077,0.806395203597302,78.98687822718057,157.98070761281747,43.83001541910117,3.7164852874927163,45.981837574242824,119.02598212225034,14.694058426401597,0.806395203597302,0.0704471646265301,0.03085186110417187,0.09230577067199601,0.3117661753684736,0.0,0.0,0.0,0.017611791156632525,0.008618536097926555,0.0018735948038970773,0.36959780164876344,0.06507619285535848,0.41343992005995506,0.0006245316012990258
v2,0,0.3,4.4479734888174205,8006,1.0,t1,spark_v2,burstgpt,total,0.5,269.43263125153624,3.3891535146758542,static_qc_fallback,0.6913564826380215,0.6493481939978665,0.6942459167792975,0.54627539503386,0.8684736447664252,80.04996759731875,160.10697990917342,43.83001541910117,3.4826101649518932,42.823576421250785,116.64227181124306,15.036471851352076,0.8684736447664252,0.07132150886834873,0.06020484636522608,0.0,0.10866849862603048,0.0,0.0,0.0,0.01723707219585311,0.008618536097926555,0.023607294529103172,0.4129402947789158,0.0657007244566575,0.4106919810142393,0.0009992505620784412
v2,0,0.3,4.4479734888174205,8006,1.0,t1,spark_v2,burstgpt,total,0.5,269.43263125153624,3.3891535146758542,shortest_queue,0.6194104421683737,0.5932037469974603,0.6091424821334409,0.5329457364341085,0.9153135148638522,5.817734433030637,11.635980849757916,22.498479756942576,2.4554933894372795,19.03106770620504,27.870341597120042,18.493798896095996,0.9153135148638522,0.00037471896077941546,0.04346739945041219,0.04084436672495628,0.14664001998501125,0.0,0.0,0.07969023232575569,0.028353734698975768,0.017112165875593305,0.0,0.7905321009243068,0.0,0.0,0.0
v2,0,0.3,4.4479734888174205,8006,1.0,t1,spark_v2,burstgpt,total,0.5,269.43263125153624,3.3891535146758542,capacity_greedy,0.6962278291281538,0.6871426970028551,0.7049781007634491,0.554176072234763,0.9333000249812641,25.72262651323399,51.4475167195879,43.83001541910117,2.3103888438920848,12.51544410792751,30.330797626659045,14.107575278187824,0.9333000249812641,0.010117411941044216,0.0534599050711966,0.0031226580064951286,0.014738945790657007,0.0,0.0,0.0,0.021234074444166876,0.009992505620784412,0.11603797152135899,0.5321009243067699,0.07207094678990757,0.1913564826380215,0.0006245316012990258
v2,0,0.3,4.4479734888174205,8006,1.0,t1,spark_v2,burstgpt,total,0.5,269.43263125153624,3.3891535146758542,batch_lp@2s,0.6946040469647764,3.704889988002833,0.7054358560007296,0.5507900677200903,0.9318011491381464,25.27496283612345,50.55214996918831,43.84973231180418,3.3942650512070145,13.146041399191603,30.853760039949265,15.035227121387322,0.9318011491381464,0.010492130901823632,0.05458406195353485,0.0031226580064951286,0.015613290032475644,0.0,0.0,0.0,0.020859355483387458,0.009867599300524606,0.11553834624031976,0.5359730202348238,0.07194604046964777,0.18748438670996753,0.0006245316012990258
v2,0,0.3,4.4479734888174205,8006,1.0,t1,spark_v2,burstgpt,total,0.5,269.43263125153624,3.3891535146758542,A:knn_capacity_greedy,0.6592555583312516,5.019517608001479,0.6273077760050695,0.5801354401805869,0.8968273794654009,46.955837539368076,93.9158073786132,28.27521693690151,1.8732726737375742,28.494755570540924,71.51261616123622,13.608125337890428,0.8968273794654009,0.042093429927554334,0.057706719960029976,0.003372470647014739,0.015863102672995254,0.0,0.0,0.00012490632025980515,0.022233325006245315,0.01311516362727954,0.26392705470896827,0.3597302023482388,0.07669248063952036,0.19810142393205096,0.004996252810392206
v2,0,0.7,10.378604807240647,18681,1.0,t1,spark_v2,burstgpt,total,0.1,125.73522791738358,5.820419271287392,oracle_unconstrained,0.929661153043199,,,,,,,,,,,,,,,,,,,,,,,,,,
v2,0,0.7,10.378604807240647,18681,1.0,t1,spark_v2,burstgpt,total,0.1,125.73522791738358,5.820419271287392,predictor_unconstrained,0.8151865531823779,,,,,,,,,,,,,,,,,,,,,,,,,,
v2,0,0.7,10.378604807240647,18681,1.0,t1,spark_v2,burstgpt,total,0.1,125.73522791738358,5.820419271287392,fluid_ceiling,0.8844500331645305,,,,,,,,,,,,,,,,,,,,,,,,,,
v2,0,0.7,10.378604807240647,18681,1.0,t1,spark_v2,burstgpt,total,0.1,125.73522791738358,5.820419271287392,random,0.09357100797601842,2.80861506400106,0.08145958040263794,0.057926829268292686,0.14843959102831755,63.05999235847048,126.12328373268286,33.953249666616024,3.1101222572761458,85.63809337054215,159.74693138425891,28.21118379654024,0.14843959102831755,0.027353996038755955,0.44194636261442105,0.3822600503185054,0.008886033938226005,0.29554092393340825,1.1657834163053369,0.030726406509287513,0.012258444408757561,0.007440715165141052,0.026604571489748943,0.028264011562550186,0.017397355601948505,0.026765162464536158,0.026336919865103583
v2,0,0.7,10.378604807240647,18681,1.0,t1,spark_v2,burstgpt,total,0.1,125.73522791738358,5.820419271287392,always_best_api,0.11642845672073229,2.5185554819981917,0.09789009919135545,0.0416289592760181,0.13179165997537606,61.041551744623575,122.08629690923635,4.716455100644548,7.630741576900846,71.54208213462005,192.00829818258111,9.228252198545263,0.13179165997537606,0.028745784486911837,0.0,0.8394625555377121,0.6343878807344361,0.0,1.9403672180290135,0.0,0.0,0.0,0.0,0.0,0.0,0.16053744446228788,0.0
v2,0,0.7,10.378604807240647,18681,1.0,t1,spark_v2,burstgpt,total,0.1,125.73522791738358,5.820419271287392,always_best_self,0.006477169316417751,2.187914850001107,0.006254429117799888,0.0014619883040935672,0.011027246935388898,0.0,0.0,21.6603266188277,3.6024318533906534,30.076858163706092,30.156025759034307,1480.39263112774,0.011027246935388898,0.0017129703977303143,0.3542101600556715,0.6330496226112092,0.0,2.02944167871099,0.0,0.0,0.012740217333119213,0.0,0.0,0.0,0.0,0.0,0.0
v2,0,0.7,10.378604807240647,18681,1.0,t1,spark_v2,burstgpt,total,0.1,125.73522791738358,5.820419271287392,threshold,0.028692254161982764,2.186406237000483,0.02027108054171421,0.0029239766081871343,0.044376639366200954,42.00552614685148,84.01324983428016,18.626766981662712,27.702863608093644,71.99553871956728,92.61536201846376,42.44866327209638,0.044376639366200954,0.03350998340559927,0.3396499116749639,0.5824634655532359,0.007494245490070124,1.7647877522616562,0.09121567367913923,0.0,0.013061399282693646,0.0,0.0,0.0,0.0,0.06482522348910658,0.0
v2,0,0.7,10.378604807240647,18681,1.0,t1,spark_v2,burstgpt,total,0.1,125.73522791738358,5.820419271287392,static_qc,0.38461538461538464,1.9132901900011348,0.39225165800564216,0.2077373211963589,0.4992773406134575,43.19253067106001,86.38732098144581,41.29744474897575,2.4682242126010507,14.984818713313974,72.56741889584086,13.588817722310901,0.4992773406134575,0.011830201809324982,0.16460574915689738,0.3242867084203201,0.14180183073711258,0.046731973663080136,0.8227075638349125,0.0,0.00877897328836786,0.004228895669396713,0.04255660831861249,0.31898720625234195,0.0319040736577271,0.10465178523633638,0.0
v2,0,0.7,10.378604807240647,18681,1.0,t1,spark_v2,burstgpt,total,0.1,125.73522791738358,5.820419271287392,static_qc_fallback,0.39152079653123495,1.584986627996841,0.3932538924082121,0.20838751625487648,0.5111075424227826,44.79468606262708,89.59171558215841,41.29744474897575,2.3551612233781043,15.907272794169991,72.29008912122629,13.502458150945188,0.5111075424227826,0.012954338632835502,0.210213585996467,0.265724532947915,0.08056313901825383,0.1113966061773995,0.784647502810342,0.0,0.00877897328836786,0.004228895669396713,0.06659172421176597,0.30544403404528664,0.033081740806166694,0.10561533108505969,0.0003211819495744339
v2,0,0.7,10.378604807240647,18681,1.0,t1,spark_v2,burstgpt,total,0.1,125.73522791738358,5.820419271287392,shortest_queue,0.3711792730581875,2.5326869010023074,0.35867315350020285,0.323146944083225,0.5362132648145175,8.138419155098745,16.277264075756648,29.18231690799873,2.464267636646099,15.221125464349637,26.51971456632769,16.892336250621895,0.5362132648145175,0.0003211819495744339,0.018628553075317168,0.44483700016059097,1.3801188373213424,0.0,0.0,0.035008832503613294,0.011883732134254055,0.0066912906161340395,0.0,0.48295059151009045,0.0,0.0,0.0
v2,0,0.7,10.378604807240647,18681,1.0,t1,spark_v2,burstgpt,total,0.1,125.73522791738358,5.820419271287392,capacity_greedy,0.5549488785396928,2.856064781000896,0.5273597564473103,0.4420731707317073,0.7650018735613725,38.50817319197449,77.0183609587182,36.29819052439206,1.9650308211125775,10.901673240923513,29.772329581083245,13.339740787826031,0.7650018735613725,0.007173063540495691,0.09624752422247203,0.13157753867565977,0.01638027942829613,0.4126652748782185,0.0,0.010920186285530754,0.008886033938226005,0.0041753653444676405,0.2117659654194101,0.3898078261335046,0.031797013007868954,0.11407312242385312,0.0007494245490070124
v2,0,0.7,10.378604807240647,18681,1.0,t1,spark_v2,burstgpt,total,0.1,125.73522791738358,5.820419271287392,batch_lp@2s,0.5988705101439966,11.67745635400206,0.5516393369125061,0.4146341463414634,0.8209945934371822,40.19121741558229,80.38453745525287,38.351901642087455,3.195922051789985,20.11901529983973,29.781579965021333,14.875374352090063,0.8209945934371822,0.0077618971147154865,0.17027996359937905,0.0009635458487233017,0.0066912906161340395,0.0,0.006798351265992184,0.011401959209892404,0.008886033938226005,0.004228895669396713,0.2575343932337669,0.40008564851988654,0.029174027086344412,0.11744553289438467,0.0
v2,0,0.7,10.378604807240647,18681,1.0,t1,spark_v2,burstgpt,total,0.1,125.73522791738358,5.820419271287392,A:knn_capacity_greedy,0.45591777742090894,5.62783311700332,0.42867920253794906,0.3597560975609756,0.6361008511321664,46.25213251945024,92.5066847428613,31.82704065453697,1.629548244967907,21.170841469854764,51.53351869171811,13.22949049086651,0.6361008511321664,0.01407847545634602,0.11969380654140571,0.2301268668700819,0.019538568599111395,0.7289224345591778,0.0,0.013757293506771587,0.009581928162303945,0.005834805417268883,0.23349927734061346,0.27953535677961566,0.0359723783523366,0.07017825598201381,0.001820031047588459
v2,0,0.7,10.378604807240647,18681,1.0,t1,spark_v2,burstgpt,total,0.5,628.6761395869179,3.3891535146758542,oracle_unconstrained,0.929661153043199,,,,,,,,,,,,,,,,,,,,,,,,,,
v2,0,0.7,10.378604807240647,18681,1.0,t1,spark_v2,burstgpt,total,0.5,628.6761395869179,3.3891535146758542,predictor_unconstrained,0.8151865531823779,,,,,,,,,,,,,,,,,,,,,,,,,,
v2,0,0.7,10.378604807240647,18681,1.0,t1,spark_v2,burstgpt,total,0.5,628.6761395869179,3.3891535146758542,fluid_ceiling,0.8844500331645305,,,,,,,,,,,,,,,,,,,,,,,,,,
v2,0,0.7,10.378604807240647,18681,1.0,t1,spark_v2,burstgpt,total,0.5,628.6761395869179,3.3891535146758542,random,0.3048284353086023,2.488958604997606,0.27743804412406137,0.19817073170731708,0.43830630051924413,195.63108168499457,391.2723979100509,33.953249666616024,2.5898699486276655,86.27708282622619,156.12374969700886,17.549606839574267,0.43830630051924413,0.07456774262619774,0.3439858679942187,0.14314008886033938,0.1297575076280713,0.16096568706172046,0.3325839087843263,0.03259996788180504,0.01268668700819014,0.007494245490070124,0.12038970076548365,0.11755259354424281,0.04357368449226487,0.09051977945506129,0.08805738450832397
v2,0,0.7,10.378604807240647,18681,1.0,t1,spark_v2,burstgpt,total,0.5,628.6761395869179,3.3891535146758542,always_best_api,0.2765911889085167,3.2473539329948835,0.22900604737943872,0.07941176470588235,0.31165355173705905,98.86953339452157,197.74423919923328,4.717797559255317,6.586938177640832,54.139214602979536,133.9145813278473,7.898637390764861,0.31165355173705905,0.03966597077244259,0.0,0.6486804774904984,2.0559927198758094,0.0,0.0,0.0,0.0,0.0,0.0,0.0,0.0,0.35131952250950166,0.0
v2,0,0.7,10.378604807240647,18681,1.0,t1,spark_v2,burstgpt,total,0.5,628.6761395869179,3.3891535146758542,always_best_self,0.006477169316417751,3.1428517349995673,0.006254429117799888,0.0014619883040935672,0.011027246935388898,0.0,0.0,21.6603266188277,3.6024318533906534,30.076858163706092,30.156025759034307,1480.39263112774,0.011027246935388898,0.0017129703977303143,0.3542101600556715,0.6330496226112092,0.0,2.02944167871099,0.0,0.0,0.012740217333119213,0.0,0.0,0.0,0.0,0.0,0.0
v2,0,0.7,10.378604807240647,18681,1.0,t1,spark_v2,burstgpt,total,0.5,628.6761395869179,3.3891535146758542,threshold,0.15660296558000106,1.8205485270009376,0.09805935297437653,0.007309941520467836,0.19554627696590118,93.12974963686429,186.26437140419677,19.10750245573149,10.597311705261177,69.9044431695294,164.27549767055217,14.385381128405896,0.19554627696590118,0.0454472458647824,0.2522348910657888,0.5067715861035277,0.8618917616829934,0.7587388255446711,0.0,0.0,0.012365505058615707,0.0,0.0,0.0,0.0,0.22862801777206787,0.0
v2,0,0.7,10.378604807240647,18681,1.0,t1,spark_v2,burstgpt,total,0.5,628.6761395869179,3.3891535146758542,static_qc,0.49751083989079814,1.9242140280039166,0.48854438598108557,0.28991596638655465,0.6026979283764252,95.81269472792519,191.63040194596275,43.87286082902176,3.3038027435993627,30.345239062082783,98.37815305465105,12.265367745450135,0.6026979283764252,0.03233231625715968,0.04790964081151972,0.31706011455489536,1.0402548043466624,0.0,0.0,0.0,0.007547775814999197,0.003747122745035062,0.0013917884481558804,0.3221990257480863,0.03731063647556341,0.26213800117766717,0.0006958942240779402
v2,0,0.7,10.378604807240647,18681,1.0,t1,spark_v2,burstgpt,total,0.5,628.6761395869179,3.3891535146758542,static_qc_fallback,0.5791445854076335,2.01012443700165,0.5378041427148165,0.41271131339401823,0.7437503345645308,111.57518814426476,223.1562134015441,43.87286082902176,2.8446015033499634,27.50757899638779,89.87225937090518,12.287098634979913,0.7437503345645308,0.035222953803329585,0.1328622664739575,0.08816444515818211,0.6487340078154274,0.0315293613832236,0.0,0.0,0.007868957764573631,0.003854183394893207,0.10818478668165515,0.34452117124350945,0.03966597077244259,0.2570526203094053,0.017825598201381083
v2,0,0.7,10.378604807240647,18681,1.0,t1,spark_v2,burstgpt,total,0.5,628.6761395869179,3.3891535146758542,shortest_queue,0.3711792730581875,2.18626348899852,0.35867315350020285,0.323146944083225,0.5362132648145175,8.138419155098745,16.277264075756648,29.18231690799873,2.464267636646099,15.221125464349637,26.51971456632769,16.892336250621895,0.5362132648145175,0.0003211819495744339,0.018628553075317168,0.44483700016059097,1.3801188373213424,0.0,0.0,0.035008832503613294,0.011883732134254055,0.0066912906161340395,0.0,0.48295059151009045,0.0,0.0,0.0
v2,0,0.7,10.378604807240647,18681,1.0,t1,spark_v2,burstgpt,total,0.5,628.6761395869179,3.3891535146758542,capacity_greedy,0.6953589208286495,1.8225353520028875,0.656396668569515,0.5457317073170732,0.958513998179969,62.63270356623616,125.26868379438261,43.87286082902176,1.8330389073835818,13.495508781562734,31.989793702359147,12.892935190942069,0.958513998179969,0.011669610834537766,0.025480434666238425,0.004335956319254858,0.03393822600503185,0.0,0.0,0.0,0.00899309458808415,0.004335956319254858,0.3355816069803544,0.3807612012204914,0.038274182324286705,0.19613511054012098,0.006102457041914244
v2,0,0.7,10.378604807240647,18681,1.0,t1,spark_v2,burstgpt,total,0.5,628.6761395869179,3.3891535146758542,batch_lp@2s,0.6984904448370002,5.183388353994815,0.6524577436250556,0.5365853658536586,0.9591563620791178,61.84225151664759,123.68773834230234,43.87639896733439,2.829425639625697,13.73792853339367,32.692107088095916,13.855078416248332,0.9591563620791178,0.013275520582409935,0.025908677265671004,0.001659440072801242,0.01386435415662973,0.0,0.0,0.0,0.008886033938226005,0.004282425994325785,0.37005513623467695,0.35924201059900435,0.03516942347840051,0.1900861838231358,0.004710668593758364
v2,0,0.7,10.378604807240647,18681,1.0,t1,spark_v2,burstgpt,total,0.5,628.6761395869179,3.3891535146758542,A:knn_capacity_greedy,0.6759809432043252,5.418052130997239,0.629673496361031,0.5335365853658537,0.9383865960066378,84.04138775635147,168.08717218087259,31.914591879795136,1.5070070525235337,20.909978383545297,57.72626651051637,12.90048577517166,0.9383865960066378,0.026658101814678016,0.024891601092018628,0.010063701086665596,0.059632781970986565,0.0,0.0,0.0005353032492907231,0.009421337187516728,0.0055671537926235215,0.41994539906857237,0.3193619185268455,0.0404153953214496,0.15941330763877737,0.01038488303624003
v2,0,1.0,14.826578296058068,26688,1.0,t1,spark_v2,burstgpt,total,0.1,179.62175416769082,5.820419271287392,oracle_unconstrained,0.9290317745803357,,,,,,,,,,,,,,,,,,,,,,,,,,
v2,0,1.0,14.826578296058068,26688,1.0,t1,spark_v2,burstgpt,total,0.1,179.62175416769082,5.820419271287392,predictor_unconstrained,0.8140550059952039,,,,,,,,,,,,,,,,,,,,,,,,,,
v2,0,1.0,14.826578296058068,26688,1.0,t1,spark_v2,burstgpt,total,0.1,179.62175416769082,5.820419271287392,fluid_ceiling,0.88108126200151,,,,,,,,,,,,,,,,,,,,,,,,,,
v2,0,1.0,14.826578296058068,26688,1.0,t1,spark_v2,burstgpt,total,0.1,179.62175416769082,5.820419271287392,random,0.0844761690647482,6.218594705998839,0.07313684184001411,0.042826552462526764,0.13107014388489208,90.22427689535107,180.44747827259158,33.953168590665975,4.127807064453918,86.36496971910876,144.90661496078332,25.02466402405039,0.13107014388489208,0.02851468824940048,0.4487035371702638,0.3917116306954436,0.01731115107913669,0.3034697242206235,1.1698141486810552,0.023943345323741008,0.008168465227817745,0.005320743405275779,0.02802757793764988,0.02705335731414868,0.012365107913669064,0.027165767386091128,0.02754046762589928
v2,0,1.0,14.826578296058068,26688,1.0,t1,spark_v2,burstgpt,total,0.1,179.62175416769082,5.820419271287392,always_best_api,0.17614658273381295,4.701444790000096,0.13929440319934344,0.03640256959314775,0.1979916067146283,82.69153863668907,165.3820915492421,5.122778973843908,6.0790237912992495,52.87205654902482,140.31181030705727,7.284148395560056,0.1979916067146283,0.023006594724220623,0.0,0.779001798561151,1.560289268585132,0.0,0.86626948441247,0.0,0.0,0.0,0.0,0.0,0.0,0.22099820143884893,0.0
v2,0,1.0,14.826578296058068,26688,1.0,t1,spark_v2,burstgpt,total,0.1,179.62175416769082,5.820419271287392,always_best_self,0.00466501798561151,4.415491462001228,0.0038014664021945982,0.0020833333333333333,0.0077937649880095924,0.0,0.0,20.3291704769358,3.1872590432707373,30.114684810087738,30.239961243267736,1758.490483370411,0.0077937649880095924,0.0010491606714628297,0.2912919664268585,0.6998651079136691,0.0,2.198478717026379,0.0,0.0,0.008842925659472423,0.0,0.0,0.0,0.0,0.0,0.0
v2,0,1.0,14.826578296058068,26688,1.0,t1,spark_v2,burstgpt,total,0.1,179.62175416769082,5.820419271287392,threshold,0.035334232613908875,4.469067706995702,0.02459246890517422,0.0029850746268656717,0.05448141486810552,71.23478487017564,142.4687205864,21.284723143294958,24.90436133030687,70.55055561993552,92.39494266364383,36.613013507943606,0.05448141486810552,0.03698291366906475,0.2830485611510791,0.6254871103117506,0.04946043165467626,1.9222122302158273,0.0010116906474820144,0.0,0.008992805755395683,0.0,0.0,0.0,0.0,0.08247152278177458,0.0
v2,0,1.0,14.826578296058068,26688,1.0,t1,spark_v2,burstgpt,total,0.1,179.62175416769082,5.820419271287392,static_qc,0.4441696642685851,3.925853582994023,0.4248914392267986,0.23918690005646528,0.5746402877697842,73.33971313210895,146.67855201847817,38.70637723999982,2.5922143270964852,15.659236781030367,78.18653274940351,12.704592943455438,0.5746402877697842,0.013714028776978417,0.16958932853717026,0.24205635491606714,0.6474070743405276,0.045563549160671464,0.09918315347721822,0.0,0.0059202637889688246,0.0028851918465227816,0.06010191846522782,0.34877098321342925,0.027765287769784174,0.14291067146282974,0.0
v2,0,1.0,14.826578296058068,26688,1.0,t1,spark_v2,burstgpt,total,0.1,179.62175416769082,5.820419271287392,static_qc_fallback,0.47111061151079137,3.166142330999719,0.44574963711403287,0.2456239412761152,0.6206909472422062,75.90064735413398,151.80038993492266,37.538970706958324,2.2526288328385817,15.788622206585107,71.71735778305562,12.600410089765404,0.6206909472422062,0.015512589928057555,0.21223021582733814,0.15156624700239807,0.26427607913669066,0.07913669064748201,0.38935101918465226,0.0,0.005995203836930456,0.0028477218225419665,0.1330185851318945,0.3299610311750599,0.02641636690647482,0.1367281175059952,0.0012365107913669064
v2,0,1.0,14.826578296058068,26688,1.0,t1,spark_v2,burstgpt,total,0.1,179.62175416769082,5.820419271287392,shortest_queue,0.32681354916067146,2.6296069879972492,0.3155178074026448,0.27837380011293056,0.464291067146283,9.63691234243015,19.273709808087546,26.427706130649437,2.446115654296136,11.390998846613845,27.20490120678815,16.046939706310127,0.464291067146283,0.00014988009592326138,0.01345173860911271,0.5221073141486811,1.6354916067146283,0.0,0.0,0.024880095923261392,0.0085431654676259,0.0049460431654676255,0.0,0.4260716426858513,0.0,0.0,0.0
v2,0,1.0,14.826578296058068,26688,1.0,t1,spark_v2,burstgpt,total,0.1,179.62175416769082,5.820419271287392,capacity_greedy,0.6501611211031175,2.5102962979945005,0.6082891784143766,0.48822269807280516,0.9078237410071942,70.9229495980544,141.84505375938855,36.91761942690178,1.7292946690261033,11.248146702341318,30.08261937808839,12.833440696291518,0.9078237410071942,0.00925509592326139,0.03885641486810552,0.044064748201438846,0.031812050359712234,0.12327637889688249,0.0,0.006632194244604317,0.006182553956834532,0.002997601918465228,0.3449115707434053,0.37582434052757796,0.02724070743405276,0.15126648681055155,0.0020233812949640288
v2,0,1.0,14.826578296058068,26688,1.0,t1,spark_v2,burstgpt,total,0.1,179.62175416769082,5.820419271287392,batch_lp@2s,0.6343675059952039,11.994410716004495,0.5848484276409589,0.4539614561027837,0.8855290767386091,72.12980392498866,144.25874802695517,37.12342398140872,2.765142164666031,15.225236749849469,31.26899236684043,13.950186071145708,0.8855290767386091,0.010641486810551559,0.10255545563549161,0.001273980815347722,0.011016187050359711,0.0,0.0004121702637889688,0.013714028776978417,0.006294964028776978,0.002997601918465228,0.3663818944844125,0.32430305755395683,0.022856714628297362,0.15954736211031176,7.494004796163069e-05
v2,0,1.0,14.826578296058068,26688,1.0,t1,spark_v2,burstgpt,total,0.1,179.62175416769082,5.820419271287392,A:knn_capacity_greedy,0.5394184652278178,8.169021893998433,0.5084990533724513,0.43897216274089934,0.758917865707434,75.86593324768546,151.730962135835,34.76464423378691,1.5020466937611445,21.632342541591015,45.91747098580002,12.95857533868002,0.758917865707434,0.017273681055155875,0.09075239808153478,0.1330560551558753,0.037657374100719426,0.3854916067146283,0.0,0.014238609112709832,0.006744604316546762,0.0035971223021582736,0.33535671462829736,0.29597571942446044,0.027278177458033574,0.0895908273381295,0.0034097721822541967
v2,0,1.0,14.826578296058068,26688,1.0,t1,spark_v2,burstgpt,total,0.5,898.1087708384542,3.3891535146758542,oracle_unconstrained,0.9290317745803357,,,,,,,,,,,,,,,,,,,,,,,,,,
v2,0,1.0,14.826578296058068,26688,1.0,t1,spark_v2,burstgpt,total,0.5,898.1087708384542,3.3891535146758542,predictor_unconstrained,0.8140550059952039,,,,,,,,,,,,,,,,,,,,,,,,,,
v2,0,1.0,14.826578296058068,26688,1.0,t1,spark_v2,burstgpt,total,0.5,898.1087708384542,3.3891535146758542,fluid_ceiling,0.88108126200151,,,,,,,,,,,,,,,,,,,,,,,,,,
v2,0,1.0,14.826578296058068,26688,1.0,t1,spark_v2,burstgpt,total,0.5,898.1087708384542,3.3891535146758542,random,0.3764051258992806,3.0988661640003556,0.3480200452127562,0.2569593147751606,0.5254796163069544,303.0485974447656,606.093582400009,33.953168590665975,2.525897509869594,85.13386830908068,145.10672450373272,15.802754035844705,0.5254796163069544,0.0803357314148681,0.3469724220623501,0.047212230215827336,0.25063699040767384,0.11001199040767386,0.0,0.023830935251798562,0.008880395683453238,0.00539568345323741,0.16715377697841727,0.16202038369304556,0.03683303357314149,0.10836330935251799,0.09333782973621103
v2,0,1.0,14.826578296058068,26688,1.0,t1,spark_v2,burstgpt,total,0.5,898.1087708384542,3.3891535146758542,always_best_api,0.24615932254196643,3.478807311003038,0.19517459261406858,0.04925053533190578,0.27649130695443647,102.35702520428458,204.7128302620838,5.1190999513957225,6.064402005009526,46.36218229718318,110.49479071588388,7.257007416299416,0.27649130695443647,0.02690347721822542,0.0,0.6966052158273381,2.20173860911271,0.0,0.0,0.0,0.0,0.0,0.0,0.0,0.0,0.30339478417266186,0.0
v2,0,1.0,14.826578296058068,26688,1.0,t1,spark_v2,burstgpt,total,0.5,898.1087708384542,3.3891535146758542,always_best_self,0.00466501798561151,4.148248860998137,0.0038014664021945982,0.0020833333333333333,0.0077937649880095924,0.0,0.0,20.3291704769358,3.1872590432707373,30.114684810087738,30.239961243267736,1758.490483370411,0.0077937649880095924,0.0010491606714628297,0.2912919664268585,0.6998651079136691,0.0,2.198478717026379,0.0,0.0,0.008842925659472423,0.0,0.0,0.0,0.0,0.0,0.0
v2,0,1.0,14.826578296058068,26688,1.0,t1,spark_v2,burstgpt,total,0.5,898.1087708384542,3.3891535146758542,threshold,0.14585206834532374,4.405319668003358,0.08833969243314484,0.005208333333333333,0.1811675659472422,100.91397898993455,201.82675503521,19.624297932262138,8.969695216144203,59.06893447773737,157.66733939771763,12.017989748167572,0.1811675659472422,0.031886990407673864,0.22324640287769784,0.5636990407673861,0.9491157074340527,0.846597721822542,0.0,0.0,0.008880395683453238,0.0,0.0,0.0,0.0,0.20417416067146282,0.0
v2,0,1.0,14.826578296058068,26688,1.0,t1,spark_v2,burstgpt,total,0.5,898.1087708384542,3.3891535146758542,static_qc,0.47262814748201437,4.531017711997265,0.4715286741418912,0.2542066629023151,0.5723171462829736,109.04786750132371,218.09443509800477,43.86480136802923,3.2150599310346593,22.564367889612612,92.5956548546268,11.682632319354468,0.5723171462829736,0.022669364508393287,0.052308153477218226,0.3527053357314149,1.1649055755395683,0.0,0.0,0.0,0.005320743405275779,0.002585431654676259,0.001386390887290168,0.31797062350119903,0.03125,0.23579886091127097,0.0006744604316546763
v2,0,1.0,14.826578296058068,26688,1.0,t1,spark_v2,burstgpt,total,0.5,898.1087708384542,3.3891535146758542,static_qc_fallback,0.5622564448441247,4.444191587994283,0.5193792142321741,0.3872388481084133,0.7269184652278178,134.11130091248378,268.2210031517731,43.86480136802923,2.75020663386573,23.667242668388123,79.51542585680681,11.979384759151571,0.7269184652278178,0.026866007194244604,0.15040467625899281,0.09581085131894485,0.7187874700239808,0.03207434052757794,0.0,0.0,0.005620503597122302,0.0026603717026378896,0.1184052757793765,0.3433752997601918,0.033385791366906475,0.23040317745803357,0.019934052757793766
v2,0,1.0,14.826578296058068,26688,1.0,t1,spark_v2,burstgpt,total,0.5,898.1087708384542,3.3891535146758542,shortest_queue,0.32681354916067146,4.568920498997613,0.3155178074026448,0.27837380011293056,0.464291067146283,9.63691234243015,19.273709808087546,26.427706130649437,2.446115654296136,11.390998846613845,27.20490120678815,16.046939706310127,0.464291067146283,0.00014988009592326138,0.01345173860911271,0.5221073141486811,1.6354916067146283,0.0,0.0,0.024880095923261392,0.0085431654676259,0.0049460431654676255,0.0,0.4260716426858513,0.0,0.0,0.0
v2,0,1.0,14.826578296058068,26688,1.0,t1,spark_v2,burstgpt,total,0.5,898.1087708384542,3.3891535146758542,capacity_greedy,0.6933078537170264,3.8503973909973865,0.6551709606220832,0.5331905781584583,0.9591202038369304,88.12769048384507,176.25433044192903,43.86480136802923,1.7966857679962231,13.564484591972201,32.76536169152423,12.796825819848777,0.9591202038369304,0.012027877697841726,0.023606115107913668,0.005245803357314149,0.04342775779376499,0.0,0.0,0.0,0.006107613908872902,0.0028477218225419665,0.3612485011990408,0.3672062350119904,0.03110011990407674,0.19668015587529977,0.0059577338129496405
v2,0,1.0,14.826578296058068,26688,1.0,t1,spark_v2,burstgpt,total,0.5,898.1087708384542,3.3891535146758542,batch_lp@2s,0.6944506894484412,8.644348765999894,0.6490518721370419,0.5117773019271948,0.9605440647482014,89.8142740913172,179.62747755196054,43.87639896733439,2.747506478660007,14.234301910496844,34.20400571290008,13.726891027429929,0.9605440647482014,0.014538369304556355,0.023306354916067147,0.00161121103117506,0.013976318944844125,0.0,0.0,0.0,0.006145083932853717,0.002922661870503597,0.4096223021582734,0.32943645083932854,0.028139988009592325,0.19304556354916066,0.005770383693045563
v2,0,1.0,14.826578296058068,26688,1.0,t1,spark_v2,burstgpt,total,0.5,898.1087708384542,3.3891535146758542,A:knn_capacity_greedy,0.6780200839328537,5.870481134996226,0.6398618058615299,0.5546038543897216,0.9451813549160671,112.93467405701449,225.86800187672526,37.11004999579913,1.4961734999001237,19.332382169384026,48.53702328057185,12.831648284768704,0.9451813549160671,0.023755995203836932,0.01940947242206235,0.011653177458033574,0.06920713429256595,0.0,0.0,0.0005245803357314149,0.006482314148681055,0.0035221822541966425,0.43663818944844124,0.32310401678657075,0.034734712230215826,0.15317745803357313,0.010753896882494006
v2,0,1.3,19.274551784875488,34694,1.0,t1,spark_v2,burstgpt,total,0.1,233.5082804179981,5.820419271287392,oracle_unconstrained,0.9287773101977287,,,,,,,,,,,,,,,,,,,,,,,,,,
v2,0,1.3,19.274551784875488,34694,1.0,t1,spark_v2,burstgpt,total,0.1,233.5082804179981,5.820419271287392,predictor_unconstrained,0.8128783074883265,,,,,,,,,,,,,,,,,,,,,,,,,,
v2,0,1.3,19.274551784875488,34694,1.0,t1,spark_v2,burstgpt,total,0.1,233.5082804179981,5.820419271287392,fluid_ceiling,0.8781918337251651,,,,,,,,,,,,,,,,,,,,,,,,,,
v2,0,1.3,19.274551784875488,34694,1.0,t1,spark_v2,burstgpt,total,0.1,233.5082804179981,5.820419271287392,random,0.13156453565458004,3.087407441002142,0.12293594722480218,0.09206349206349207,0.19187755807920678,116.96346664002158,233.92823603187722,33.95308013551792,2.6033039935655724,68.78221231282936,137.9141494158116,16.99709328595725,0.19187755807920678,0.02648873003977633,0.40975384792759556,0.3718798639534213,0.11094137314809477,0.3380123364270479,0.989796506600565,0.018936991987087103,0.006946446071366807,0.004006456447800772,0.059866259295555425,0.05660921196748717,0.01072231509771142,0.033406352683461114,0.027872254568513288
v2,0,1.3,19.274551784875488,34694,1.0,t1,spark_v2,burstgpt,total,0.1,233.5082804179981,5.820419271287392,always_best_api,0.14761918487346515,3.3277770490021794,0.11965415726639768,0.03756067961165049,0.16596529659307085,99.98309547075769,199.96730456412544,4.7807148049023835,6.300795881670737,56.70335201051238,160.63477688639625,7.53571844391513,0.16596529659307085,0.0223958033089295,0.0,0.8116389000979997,1.5295440133740705,0.0,0.9775177264080245,0.0,0.0,0.0,0.0,0.0,0.0,0.18836109990200034,0.0
v2,0,1.3,19.274551784875488,34694,1.0,t1,spark_v2,burstgpt,total,0.1,233.5082804179981,5.820419271287392,always_best_self,0.0035596933187294635,2.959551536994695,0.00354569718239364,0.0009101941747572816,0.005764685536403989,0.0,0.0,18.41591673825027,4.91229617008058,30.14711120718647,30.22455933703415,1688.5083048442132,0.005764685536403989,0.0007782325474145385,0.24228973309505966,0.7511673488211218,0.0,2.29209661612959,0.0,0.0,0.006542918083818528,0.0,0.0,0.0,0.0,0.0,0.0
v2,0,1.3,19.274551784875488,34694,1.0,t1,spark_v2,burstgpt,total,0.1,233.5082804179981,5.820419271287392,threshold,0.032945177840548796,3.032250522999675,0.02244325086586312,0.0015735641227380016,0.05127687784631348,78.95143479085527,157.90374895139266,18.198377033334243,23.217983393152288,65.27076660843436,92.56078938225671,32.425953921617065,0.05127687784631348,0.029803424223208624,0.23519916988528275,0.6837205280451951,0.07635325992967083,2.024182855825215,0.0,0.0,0.007119386637458927,0.0,0.0,0.0,0.0,0.07396091543206318,0.0
v2,0,1.3,19.274551784875488,34694,1.0,t1,spark_v2,burstgpt,total,0.1,233.5082804179981,5.820419271287392,static_qc,0.41337118810168905,2.8686771339998813,0.38725404914005096,0.22346173958514903,0.5348187006398801,86.17695999145326,172.3548798312755,41.8856500557805,2.6452774462687287,15.187530893722652,71.90434993133704,12.27945750434581,0.5348187006398801,0.011673488211218079,0.16400530351069348,0.28950250763820834,0.865654003574105,0.06689917564996829,0.0,0.0,0.0046405718568052114,0.0022194039315155357,0.06153801810111258,0.30959243673257625,0.025796967775407853,0.14270479045368076,0.0
v2,0,1.3,19.274551784875488,34694,1.0,t1,spark_v2,burstgpt,total,0.1,233.5082804179981,5.820419271287392,static_qc_fallback,0.5275696085778521,3.0752853359954315,0.46508266535124965,0.28412062053337983,0.7029169308814204,93.93208748066718,187.8652211871582,38.75659567879139,2.017655934125628,12.951169908145802,44.234729959661266,11.761472541639193,0.7029169308814204,0.012970542456908976,0.20499221767452586,0.07912030898714476,0.5594339078803251,0.0943679022309333,0.04989335331757653,0.0,0.004698218712169251,0.002277050786879576,0.23246094425549085,0.29616071943275496,0.027468726580965008,0.15019888165100595,0.002622931919063815
v2,0,1.3,19.274551784875488,34694,1.0,t1,spark_v2,burstgpt,total,0.1,233.5082804179981,5.820419271287392,shortest_queue,0.2664293537787514,3.315095094993012,0.25740156264663416,0.22110859334146768,0.37709690436386695,10.37026333931317,20.740642183749205,23.15564772838412,2.460349272867006,7.8533718149048015,26.01893896908734,15.924134731675167,0.37709690436386695,0.00011529371072807978,0.0108376088084395,0.6119501931169655,1.8737533867527527,0.0,0.0,0.01605464921888511,0.0065717415115005475,0.003804692454026633,0.0,0.35078111489018277,0.0,0.0,0.0
v2,0,1.3,19.274551784875488,34694,1.0,t1,spark_v2,burstgpt,total,0.1,233.5082804179981,5.820419271287392,capacity_greedy,0.6521156395918603,3.0948287560022436,0.6079712679417606,0.49682539682539684,0.919121461924252,92.65703599464359,185.31510401344866,37.27789108814907,1.475929780574461,12.124589352812926,30.14085654966121,12.340775116462556,0.919121461924252,0.0104052573932092,0.0550527468726581,0.015420533809880671,0.028938721392748026,0.03721104513748775,0.0,0.008070559750965585,0.004842335850579351,0.0022482273591975556,0.4434196114601949,0.29310543609846085,0.02187698161065314,0.15299475413616187,0.0029688130512480542
v2,0,1.3,19.274551784875488,34694,1.0,t1,spark_v2,burstgpt,total,0.1,233.5082804179981,5.820419271287392,batch_lp@2s,0.6595664956476625,14.309246010001516,0.6067613495414195,0.48095238095238096,0.9234449760765551,92.30613406367775,184.61329624313302,36.97607749833425,2.6023393929390295,12.84272961244064,30.5264638748074,13.365432171404223,0.9234449760765551,0.01000172940566092,0.06482388885686285,0.0017294056609211967,0.014238773274917854,0.0,2.8823427682019945e-05,0.007090563209776907,0.004669395284487231,0.002622931919063815,0.46722776272554334,0.27503314694183434,0.018735227993312963,0.15757767913760304,0.0004899982705943391
v2,0,1.3,19.274551784875488,34694,1.0,t1,spark_v2,burstgpt,total,0.1,233.5082804179981,5.820419271287392,A:knn_capacity_greedy,0.618421052631579,8.924728620993847,0.5765050892902377,0.48412698412698413,0.8737822101804347,101.54216382371669,203.08545863511662,35.3763775766271,1.2644694956158276,16.175676888688493,41.75099412558384,12.312506981970024,0.8737822101804347,0.015478180665244711,0.055542745143252435,0.05519686401106819,0.04703983397705655,0.14552948636651872,0.0,0.008762322015334063,0.00515939355508157,0.0027670490574739147,0.48169712342191734,0.2637055398628005,0.025220499221767452,0.0959531907534444,0.005995272957860149
v2,0,1.3,19.274551784875488,34694,1.0,t1,spark_v2,burstgpt,total,0.5,1167.5414020899902,3.3891535146758542,oracle_unconstrained,0.9287773101977287,,,,,,,,,,,,,,,,,,,,,,,,,,
v2,0,1.3,19.274551784875488,34694,1.0,t1,spark_v2,burstgpt,total,0.5,1167.5414020899902,3.3891535146758542,predictor_unconstrained,0.8128783074883265,,,,,,,,,,,,,,,,,,,,,,,,,,
v2,0,1.3,19.274551784875488,34694,1.0,t1,spark_v2,burstgpt,total,0.5,1167.5414020899902,3.3891535146758542,fluid_ceiling,0.8781918337251651,,,,,,,,,,,,,,,,,,,,,,,,,,
v2,0,1.3,19.274551784875488,34694,1.0,t1,spark_v2,burstgpt,total,0.5,1167.5414020899902,3.3891535146758542,random,0.3739983858880498,4.477764980998472,0.3432383769430157,0.2365079365079365,0.5262869660460022,316.44626879948373,632.8960622119847,33.95308013551792,2.3449640208266374,66.30065153756988,131.64679466700255,14.926014571145986,0.5262869660460022,0.0628638957744855,0.3318152994754136,0.07903383870409869,0.32319709459848966,0.16902057992736497,0.0,0.02055110393728022,0.007234680348187006,0.0038335158817086527,0.17711996310601258,0.17118233700351645,0.030495186487577104,0.10223669798812475,0.07649737706808094
v2,0,1.3,19.274551784875488,34694,1.0,t1,spark_v2,burstgpt,total,0.5,1167.5414020899902,3.3891535146758542,always_best_api,0.21232778001959993,6.083814143006748,0.1694960200010077,0.050060679611650484,0.23776445494898255,103.0042400919483,206.0096274563446,4.779768568058874,5.870430351825092,43.428556645047934,92.8840064303448,7.0061634724986845,0.23776445494898255,0.019945811955957803,0.0,0.7422897330950596,2.323225918026172,0.0,0.0,0.0,0.0,0.0,0.0,0.0,0.0,0.2577102669049403,0.0
v2,0,1.3,19.274551784875488,34694,1.0,t1,spark_v2,burstgpt,total,0.5,1167.5414020899902,3.3891535146758542,always_best_self,0.0035596933187294635,5.702676875000179,0.00354569718239364,0.0009101941747572816,0.005764685536403989,0.0,0.0,18.41591673825027,4.91229617008058,30.14711120718647,30.22455933703415,1688.5083048442132,0.005764685536403989,0.0007782325474145385,0.24228973309505966,0.7511673488211218,0.0,2.29209661612959,0.0,0.0,0.006542918083818528,0.0,0.0,0.0,0.0,0.0,0.0
v2,0,1.3,19.274551784875488,34694,1.0,t1,spark_v2,burstgpt,total,0.5,1167.5414020899902,3.3891535146758542,threshold,0.13150688879921602,5.836717781996413,0.07887911759812581,0.003933910306845004,0.1616994292961319,103.56796970427968,207.1370929598892,20.69240562797589,7.953472955126983,53.47872226597144,132.41972863037097,10.10566661279249,0.1616994292961319,0.023462270133164237,0.19389519801694818,0.6209431025537557,1.015824061797429,0.926298495417075,0.0,0.0,0.006658211794546607,0.0,0.0,0.0,0.0,0.17850348763474952,0.0
v2,0,1.3,19.274551784875488,34694,1.0,t1,spark_v2,burstgpt,total,0.5,1167.5414020899902,3.3891535146758542,static_qc,0.42147057128033666,5.964250291006465,0.4103079198585719,0.21362372567191845,0.50856055802156,110.74918965299548,221.49961284253095,43.88468399939815,3.2087614038414785,19.178675748034546,82.23374739871683,10.967295890623177,0.50856055802156,0.017639937741396206,0.0541880440421975,0.41961146019484635,1.367066351530524,0.0,0.0,0.0,0.004121750158528852,0.0019888165100593763,0.0013258776733729176,0.28246959128379545,0.02663284717818643,0.20905632097769067,0.0006052919813224188
v2,0,1.3,19.274551784875488,34694,1.0,t1,spark_v2,burstgpt,total,0.5,1167.5414020899902,3.3891535146758542,static_qc_fallback,0.5223237447397244,5.984411477002141,0.46329374624754954,0.35532508279588637,0.6793393670375281,150.2921551907457,300.5859843518896,43.88468399939815,2.6488628796296325,22.643669143926488,71.07118925257419,11.593677465189558,0.6793393670375281,0.022021098749063238,0.15760650256528505,0.14103303164812359,0.8942180204069868,0.05133452470167752,0.0,0.0,0.004698218712169251,0.002161757076151496,0.1426183201706347,0.29310543609846085,0.029284602524932264,0.20435810226552142,0.02513402893872139
v2,0,1.3,19.274551784875488,34694,1.0,t1,spark_v2,burstgpt,total,0.5,1167.5414020899902,3.3891535146758542,shortest_queue,0.2664293537787514,5.896361993996834,0.25740156264663416,0.22110859334146768,0.37709690436386695,10.37026333931317,20.740642183749205,23.15564772838412,2.460349272867006,7.8533718149048015,26.01893896908734,15.924134731675167,0.37709690436386695,0.00011529371072807978,0.0108376088084395,0.6119501931169655,1.8737533867527527,0.0,0.0,0.01605464921888511,0.0065717415115005475,0.003804692454026633,0.0,0.35078111489018277,0.0,0.0,0.0
v2,0,1.3,19.274551784875488,34694,1.0,t1,spark_v2,burstgpt,total,0.5,1167.5414020899902,3.3891535146758542,capacity_greedy,0.6916757940854327,4.802417978004087,0.6489197293905443,0.5285714285714286,0.9660171787628985,109.3981855803413,218.79758964959206,43.88468399939815,1.5746231496608232,12.688080090889773,30.58539462622107,12.362612669709279,0.9660171787628985,0.01066466824234738,0.017870525162852365,0.00544762783190177,0.04231279183720528,0.0,0.0,0.0,0.0046405718568052114,0.002277050786879576,0.44010491727676254,0.30962126016025826,0.026114025479910073,0.18536346342307028,0.008560558021559923
v2,0,1.3,19.274551784875488,34694,1.0,t1,spark_v2,burstgpt,total,0.5,1167.5414020899902,3.3891535146758542,batch_lp@2s,0.6948751945581368,8.347542105002503,0.6451811222083828,0.5253968253968254,0.9680059952729578,108.19374214092568,216.38868935553853,43.89006492386065,2.614484562500408,13.087585258236341,32.039131104523,13.32340471951079,0.9680059952729578,0.012567014469360696,0.017438173747622066,0.0019888165100593763,0.015651121231336832,0.0,0.0,0.0,0.004669395284487231,0.0022482273591975556,0.48527122845448784,0.28151841817028883,0.022626390730385658,0.17755231452124287,0.006687035222228627
v2,0,1.3,19.274551784875488,34694,1.0,t1,spark_v2,burstgpt,total,0.5,1167.5414020899902,3.3891535146758542,A:knn_capacity_greedy,0.679195249899118,5.0586263020013575,0.6363788636268279,0.5396825396825397,0.9545742779731365,133.4567919699457,266.9150703961799,34.9626946875835,1.3617532190522752,16.969752075043377,44.12444568382393,12.465500726548427,0.9545742779731365,0.019369343402317402,0.015247593243788552,0.010808785380757479,0.07251974404796219,0.0,0.0,0.0005764685536403989,0.005044099844353491,0.0029399896235660344,0.498501181760535,0.28454487807690093,0.029918717933936703,0.13809304202455755,0.014325243557963913
